13-4,13-4,9-31,9-31,A/B,A/B,58-52,58-52,67-63,67-63,D/E,D/E
708,-175,204,334,3.4705882352941178,-0.5239520958083832,-76,165,-83,74,0.9156626506024096,2.22972972972973
814,-44,163,366,4.993865030674846,-0.12021857923497267,-99,149,-87,17,1.1379310344827587,8.764705882352942
810,-55,194,395,4.175257731958763,-0.13924050632911392,-72,156,-69,41,1.0434782608695652,3.8048780487804876
794,-198,210,276,3.780952380952381,-0.717391304347826,-53,131,-59,18,0.8983050847457628,7.277777777777778
726,-9,177,301,4.101694915254237,-0.029900332225913623,-90,117,-82,1,1.0975609756097562,117.0
864,-136,269,453,3.2118959107806693,-0.30022075055187636,-78,148,-87,29,0.896551724137931,5.103448275862069
463,-94,139,258,3.3309352517985613,-0.3643410852713178,-50,135,-52,51,0.9615384615384616,2.6470588235294117
447,-120,143,210,3.125874125874126,-0.5714285714285714,-46,97,-52,25,0.8846153846153846,3.88
756,-93,195,426,3.876923076923077,-0.21830985915492956,-84,114,-85,1,0.9882352941176471,114.0
610,-60,131,331,4.656488549618321,-0.18126888217522658,-68,95,-62,-1,1.096774193548387,-95.0
70,-10,18,33,3.888888888888889,-0.30303030303030304,-7,13,-6,3,1.1666666666666667,4.333333333333333
892,-74,163,502,5.47239263803681,-0.14741035856573706,-99,159,-90,30,1.1,5.3
252,-49,77,112,3.272727272727273,-0.4375,-22,61,-24,29,0.9166666666666666,2.103448275862069
534,-74,119,276,4.487394957983193,-0.26811594202898553,-61,101,-58,7,1.0517241379310345,14.428571428571429
657,-134,198,366,3.3181818181818183,-0.366120218579235,-62,146,-65,31,0.9538461538461539,4.709677419354839
604,-142,177,299,3.4124293785310735,-0.47491638795986624,-55,90,-58,6,0.9482758620689655,15.0
685,-149,190,333,3.6052631578947367,-0.44744744744744747,-67,101,-68,9,0.9852941176470589,11.222222222222221
569,-80,166,317,3.427710843373494,-0.25236593059936907,-56,134,-57,32,0.9824561403508771,4.1875
724,-56,165,419,4.387878787878788,-0.13365155131264916,-88,161,-82,25,1.0731707317073171,6.44
600,-126,186,363,3.225806451612903,-0.34710743801652894,-75,150,-77,16,0.974025974025974,9.375
626,-121,197,377,3.1776649746192893,-0.3209549071618037,-85,158,-86,11,0.9883720930232558,14.363636363636363
821,-97,225,443,3.648888888888889,-0.21896162528216703,-108,167,-106,12,1.0188679245283019,13.916666666666666
789,-73,210,409,3.757142857142857,-0.1784841075794621,-113,163,-108,11,1.0462962962962963,14.818181818181818
312,-55,85,175,3.6705882352941175,-0.3142857142857143,-36,73,-37,8,0.972972972972973,9.125
309,-76,92,161,3.358695652173913,-0.4720496894409938,-34,71,-36,11,0.9444444444444444,6.454545454545454
634,-90,163,347,3.8895705521472395,-0.25936599423631124,-69,125,-66,7,1.0454545454545454,17.857142857142858
639,-98,161,349,3.968944099378882,-0.2808022922636103,-73,119,-71,1,1.028169014084507,119.0
815,-59,169,345,4.822485207100592,-0.17101449275362318,-66,103,-59,-3,1.11864406779661,-34.333333333333336
813,-119,217,395,3.7465437788018434,-0.3012658227848101,-77,127,-75,1,1.0266666666666666,127.0
454,-61,119,248,3.8151260504201683,-0.24596774193548387,-48,80,-48,1,1.0,80.0
456,-49,118,248,3.864406779661017,-0.1975806451612903,-50,86,-48,2,1.0416666666666667,43.0
235,-26,48,130,4.895833333333333,-0.2,-34,31,-31,-1,1.096774193548387,-31.0
808,-36,180,505,4.488888888888889,-0.07128712871287128,-111,242,-106,152,1.0471698113207548,1.5921052631578947
885,-63,210,431,4.214285714285714,-0.14617169373549885,-110,131,-108,32,1.0185185185185186,4.09375
974,132,162,572,6.012345679012346,0.23076923076923078,-129,134,-107,35,1.205607476635514,3.8285714285714287
670,-85,195,320,3.4358974358974357,-0.265625,-62,103,-71,37,0.8732394366197183,2.7837837837837838
818,-55,230,401,3.5565217391304347,-0.1371571072319202,-103,98,-98,2,1.0510204081632653,49.0
835,143,107,378,7.803738317757009,0.3783068783068783,-97,67,-69,-21,1.4057971014492754,-3.1904761904761907
788,48,138,420,5.7101449275362315,0.11428571428571428,-77,129,-67,13,1.1492537313432836,9.923076923076923
846,-37,165,452,5.127272727272727,-0.08185840707964602,-85,164,-77,51,1.103896103896104,3.215686274509804
780,-160,335,393,2.328358208955224,-0.4071246819338422,-41,199,-72,104,0.5694444444444444,1.9134615384615385
678,-50,112,336,6.053571428571429,-0.1488095238095238,-78,106,-66,5,1.1818181818181819,21.2
508,-65,105,239,4.838095238095238,-0.2719665271966527,-52,60,-49,1,1.0612244897959184,60.0
823,-173,216,371,3.810185185185185,-0.46630727762803237,-88,169,-91,43,0.967032967032967,3.9302325581395348
837,-172,222,380,3.77027027027027,-0.45263157894736844,-88,135,-90,21,0.9777777777777777,6.428571428571429
230,-26,62,121,3.7096774193548385,-0.21487603305785125,-29,44,-29,20,1.0,2.2
250,-3,43,137,5.813953488372093,-0.021897810218978103,-29,30,-25,2,1.16,15.0
503,-92,110,314,4.572727272727272,-0.2929936305732484,-52,119,-47,64,1.1063829787234043,1.859375
666,-32,109,330,6.110091743119266,-0.09696969696969697,-73,86,-60,9,1.2166666666666666,9.555555555555555
574,-52,103,318,5.572815533980583,-0.16352201257861634,-61,89,-52,26,1.1730769230769231,3.423076923076923
789,0,127,366,6.21259842519685,0.0,-89,63,-76,-28,1.1710526315789473,-2.25
791,-4,100,317,7.91,-0.012618296529968454,-92,111,-75,22,1.2266666666666666,5.045454545454546
852,50,171,438,4.982456140350878,0.1141552511415525,-119,156,-107,71,1.1121495327102804,2.1971830985915495
813,-12,106,341,7.669811320754717,-0.03519061583577713,-86,99,-73,19,1.178082191780822,5.2105263157894735
837,-9,93,343,9.0,-0.026239067055393587,-99,100,-78,9,1.2692307692307692,11.11111111111111
838,-44,226,411,3.7079646017699117,-0.1070559610705596,-88,153,-90,70,0.9777777777777777,2.1857142857142855
853,-22,88,415,9.693181818181818,-0.05301204819277108,-104,120,-85,30,1.223529411764706,4.0
349,-95,80,127,4.3625,-0.7480314960629921,-33,53,-36,14,0.9166666666666666,3.7857142857142856
381,-86,100,180,3.81,-0.4777777777777778,-21,42,-25,2,0.84,21.0
889,-100,167,466,5.323353293413174,-0.2145922746781116,-95,172,-81,46,1.1728395061728396,3.739130434782609
921,-97,177,471,5.203389830508475,-0.2059447983014862,-103,152,-89,32,1.1573033707865168,4.75
309,-47,82,161,3.768292682926829,-0.2919254658385093,-22,70,-25,31,0.88,2.2580645161290325
823,0,156,430,5.2756410256410255,0.0,-112,148,-101,64,1.108910891089109,2.3125
1042,-138,255,504,4.086274509803921,-0.27380952380952384,-83,185,-86,75,0.9651162790697675,2.466666666666667
1078,-308,355,573,3.036619718309859,-0.537521815008726,-94,197,-111,62,0.8468468468468469,3.1774193548387095
961,-224,249,498,3.859437751004016,-0.4497991967871486,-90,193,-92,59,0.9782608695652174,3.2711864406779663
852,-160,193,473,4.414507772020725,-0.3382663847780127,-69,199,-65,85,1.0615384615384615,2.3411764705882354
819,-97,163,397,5.024539877300613,-0.24433249370277077,-77,149,-72,65,1.0694444444444444,2.292307692307692
687,-79,148,303,4.641891891891892,-0.2607260726072607,-54,103,-53,23,1.0188679245283019,4.478260869565218
775,-65,176,349,4.403409090909091,-0.18624641833810887,-67,96,-66,23,1.0151515151515151,4.173913043478261
847,48,156,438,5.42948717948718,0.1095890410958904,-94,108,-81,20,1.1604938271604939,5.4
840,21,170,423,4.9411764705882355,0.04964539007092199,-100,120,-91,33,1.098901098901099,3.6363636363636362
679,-80,156,257,4.352564102564102,-0.311284046692607,-48,79,-48,12,1.0,6.583333333333333
707,-99,156,272,4.532051282051282,-0.3639705882352941,-54,91,-54,14,1.0,6.5
989,-196,311,549,3.180064308681672,-0.3570127504553734,-56,281,-72,128,0.7777777777777778,2.1953125
924,-174,228,477,4.052631578947368,-0.36477987421383645,-62,225,-63,114,0.9841269841269841,1.9736842105263157
850,-145,262,458,3.2442748091603053,-0.3165938864628821,-48,190,-60,87,0.8,2.1839080459770117
592,-84,132,229,4.484848484848484,-0.36681222707423583,-41,90,-42,23,0.9761904761904762,3.9130434782608696
671,-99,151,302,4.443708609271523,-0.32781456953642385,-50,133,-51,43,0.9803921568627451,3.0930232558139537
766,-209,220,334,3.481818181818182,-0.625748502994012,-68,103,-79,24,0.8607594936708861,4.291666666666667
825,-195,222,370,3.7162162162162162,-0.527027027027027,-83,153,-93,70,0.8924731182795699,2.1857142857142855
692,13,142,315,4.873239436619718,0.04126984126984127,-75,65,-67,-3,1.1194029850746268,-21.666666666666668
715,-25,113,278,6.327433628318584,-0.08992805755395683,-78,59,-66,-3,1.1818181818181819,-19.666666666666668
734,-32,171,332,4.292397660818714,-0.0963855421686747,-69,72,-68,-1,1.0147058823529411,-72.0
732,88,130,353,5.630769230769231,0.24929178470254956,-77,65,-71,-7,1.0845070422535212,-9.285714285714286
756,19,141,391,5.361702127659575,0.04859335038363171,-78,85,-71,1,1.0985915492957747,85.0
684,-60,122,297,5.60655737704918,-0.20202020202020202,-75,99,-66,33,1.1363636363636365,3.0
656,-164,170,289,3.8588235294117648,-0.5674740484429066,-53,107,-57,24,0.9298245614035088,4.458333333333333
865,-148,238,513,3.634453781512605,-0.2884990253411306,-99,231,-101,125,0.9801980198019802,1.848
856,-121,244,541,3.5081967213114753,-0.22365988909426987,-121,252,-118,134,1.0254237288135593,1.8805970149253732
636,-55,110,269,5.781818181818182,-0.20446096654275092,-66,85,-59,5,1.11864406779661,17.0
622,-113,167,348,3.7245508982035926,-0.32471264367816094,-73,117,-76,42,0.9605263157894737,2.7857142857142856
677,-47,144,286,4.701388888888889,-0.16433566433566432,-66,90,-62,5,1.064516129032258,18.0
645,-40,172,356,3.75,-0.11235955056179775,-85,171,-80,80,1.0625,2.1375
596,-79,150,247,3.973333333333333,-0.31983805668016196,-56,73,-56,2,1.0,36.5
1045,164,58,485,18.017241379310345,0.33814432989690724,-155,137,-113,8,1.3716814159292035,17.125
1033,132,88,510,11.738636363636363,0.25882352941176473,-143,113,-104,-18,1.375,-6.277777777777778
1017,-391,566,503,1.7968197879858658,-0.7773359840954275,-31,307,-93,187,0.3333333333333333,1.641711229946524
100,-30,20,76,5.0,-0.39473684210526316,-15,25,-13,14,1.1538461538461537,1.7857142857142858
774,-226,251,286,3.0836653386454183,-0.7902097902097902,-18,116,-37,18,0.4864864864864865,6.444444444444445
849,-118,222,409,3.824324324324324,-0.2885085574572127,-59,152,-65,51,0.9076923076923077,2.980392156862745
701,-155,231,244,3.034632034632035,-0.6352459016393442,-14,43,-30,-33,0.4666666666666667,-1.303030303030303
612,-168,146,299,4.191780821917808,-0.5618729096989966,-51,11,-48,-66,1.0625,-0.16666666666666666
658,-134,158,373,4.1645569620253164,-0.35924932975871315,-63,138,-62,67,1.0161290322580645,2.0597014925373136
836,-71,160,403,5.225,-0.1761786600496278,-121,91,-111,7,1.09009009009009,13.0
802,12,103,418,7.786407766990291,0.028708133971291867,-129,96,-105,28,1.2285714285714286,3.4285714285714284
831,-101,225,383,3.6933333333333334,-0.26370757180156656,-98,118,-101,26,0.9702970297029703,4.538461538461538
774,-266,291,479,2.6597938144329896,-0.5553235908141962,-63,217,-84,128,0.75,1.6953125
250,28,13,132,19.23076923076923,0.21212121212121213,-37,38,-27,3,1.3703703703703705,12.666666666666666
750,-184,260,392,2.8846153846153846,-0.46938775510204084,-67,152,-79,57,0.8481012658227848,2.6666666666666665
730,-67,175,347,4.171428571428572,-0.1930835734870317,-57,89,-55,5,1.0363636363636364,17.8
759,-72,168,376,4.517857142857143,-0.19148936170212766,-71,103,-64,6,1.109375,17.166666666666668
350,-60,77,180,4.545454545454546,-0.3333333333333333,-28,59,-27,18,1.037037037037037,3.2777777777777777
771,-107,165,349,4.672727272727273,-0.30659025787965616,-67,86,-68,-16,0.9852941176470589,-5.375
727,-190,256,451,2.83984375,-0.4212860310421286,-73,187,-84,102,0.8690476190476191,1.8333333333333333
678,-80,59,326,11.491525423728813,-0.24539877300613497,-75,93,-55,6,1.3636363636363635,15.5
704,-71,134,343,5.253731343283582,-0.20699708454810495,-64,98,-59,10,1.0847457627118644,9.8
479,-100,147,200,3.258503401360544,-0.5,-42,67,-46,10,0.9130434782608695,6.7
483,-82,140,232,3.45,-0.35344827586206895,-36,73,-40,10,0.9,7.3
481,-81,140,235,3.4357142857142855,-0.3446808510638298,-40,65,-44,4,0.9090909090909091,16.25
518,-97,144,229,3.5972222222222223,-0.42358078602620086,-49,83,-52,32,0.9423076923076923,2.59375
529,-87,151,238,3.5033112582781456,-0.36554621848739494,-50,69,-52,14,0.9615384615384616,4.928571428571429
527,-50,127,225,4.149606299212598,-0.2222222222222222,-50,69,-47,1,1.0638297872340425,69.0
657,-204,194,293,3.38659793814433,-0.6962457337883959,-32,116,-46,26,0.6956521739130435,4.461538461538462
684,-182,181,359,3.7790055248618786,-0.5069637883008357,-45,137,-52,35,0.8653846153846154,3.914285714285714
838,-122,223,418,3.757847533632287,-0.291866028708134,-71,168,-76,79,0.9342105263157895,2.1265822784810124
912,-131,246,428,3.707317073170732,-0.3060747663551402,-73,181,-83,81,0.8795180722891566,2.234567901234568
550,-230,221,197,2.48868778280543,-1.16751269035533,-24,107,-49,44,0.4897959183673469,2.4318181818181817
342,-83,88,172,3.8863636363636362,-0.48255813953488375,-30,73,-31,23,0.967741935483871,3.1739130434782608
336,-63,95,163,3.536842105263158,-0.38650306748466257,-36,77,-37,35,0.972972972972973,2.2
343,-77,83,209,4.132530120481928,-0.3684210526315789,-35,91,-34,38,1.0294117647058822,2.3947368421052633
447,-50,102,182,4.382352941176471,-0.27472527472527475,-46,51,-45,-2,1.0222222222222221,-25.5
499,-67,130,245,3.8384615384615386,-0.27346938775510204,-49,65,-49,7,1.0,9.285714285714286
1139,-175,265,680,4.2981132075471695,-0.25735294117647056,-110,336,-108,173,1.0185185185185186,1.9421965317919074
1024,-232,363,469,2.8209366391184574,-0.4946695095948827,-69,193,-93,59,0.7419354838709677,3.2711864406779663
376,-8,62,205,6.064516129032258,-0.03902439024390244,-43,61,-36,21,1.1944444444444444,2.9047619047619047
376,-36,99,207,3.797979797979798,-0.17391304347826086,-41,75,-41,39,1.0,1.9230769230769231
398,-13,74,182,5.378378378378378,-0.07142857142857142,-41,50,-36,8,1.1388888888888888,6.25
732,59,118,381,6.203389830508475,0.15485564304461943,-113,134,-93,41,1.2150537634408602,3.268292682926829
599,-91,131,284,4.572519083969466,-0.3204225352112676,-63,95,-62,10,1.0161290322580645,9.5
610,25,38,307,16.05263157894737,0.08143322475570032,-93,114,-71,34,1.3098591549295775,3.3529411764705883
603,-34,136,305,4.4338235294117645,-0.11147540983606558,-80,129,-76,58,1.0526315789473684,2.2241379310344827
599,-27,124,274,4.830645161290323,-0.09854014598540146,-68,97,-61,17,1.1147540983606556,5.705882352941177
675,-167,244,353,2.7663934426229506,-0.4730878186968839,-51,167,-64,67,0.796875,2.4925373134328357
609,-104,166,302,3.6686746987951806,-0.3443708609271523,-59,123,-58,38,1.0172413793103448,3.236842105263158
708,-153,200,335,3.54,-0.45671641791044776,-65,108,-70,13,0.9285714285714286,8.307692307692308
678,-144,191,307,3.549738219895288,-0.46905537459283386,-65,112,-68,22,0.9558823529411765,5.090909090909091
699,-127,191,326,3.6596858638743455,-0.3895705521472393,-70,104,-71,9,0.9859154929577465,11.555555555555555
292,-40,65,155,4.492307692307692,-0.25806451612903225,-37,77,-36,44,1.0277777777777777,1.75
152,-19,33,58,4.606060606060606,-0.3275862068965517,-11,15,-11,2,1.0,7.5
190,0,45,82,4.222222222222222,0.0,-17,23,-16,2,1.0625,11.5
185,-15,47,96,3.9361702127659575,-0.15625,-18,29,-18,12,1.0,2.4166666666666665
435,-75,110,172,3.9545454545454546,-0.436046511627907,-35,50,-38,3,0.9210526315789473,16.666666666666668
448,-85,122,185,3.6721311475409837,-0.4594594594594595,-36,57,-39,4,0.9230769230769231,14.25
841,-173,233,299,3.609442060085837,-0.5785953177257525,-65,116,-74,14,0.8783783783783784,8.285714285714286
918,-146,266,386,3.4511278195488724,-0.37823834196891193,-82,130,-86,3,0.9534883720930233,43.333333333333336
801,-234,254,301,3.1535433070866143,-0.7774086378737541,-65,128,-79,26,0.8227848101265823,4.923076923076923
1000,-183,307,352,3.257328990228013,-0.5198863636363636,-87,171,-92,36,0.9456521739130435,4.75
948,-76,255,394,3.7176470588235295,-0.19289340101522842,-94,124,-89,12,1.0561797752808988,10.333333333333334
755,-222,175,411,4.314285714285714,-0.5401459854014599,-77,179,-74,66,1.0405405405405406,2.712121212121212
711,-224,167,350,4.25748502994012,-0.64,-51,159,-58,62,0.8793103448275862,2.564516129032258
807,-23,151,473,5.344370860927152,-0.048625792811839326,-93,175,-77,71,1.2077922077922079,2.464788732394366
555,-20,136,350,4.080882352941177,-0.05714285714285714,-64,164,-56,64,1.1428571428571428,2.5625
609,49,135,325,4.511111111111111,0.15076923076923077,-68,81,-58,10,1.1724137931034482,8.1
782,-4,45,400,17.377777777777776,-0.01,-140,118,-108,41,1.2962962962962963,2.8780487804878048
1178,-155,199,755,5.919597989949748,-0.2052980132450331,-141,285,-116,159,1.2155172413793103,1.7924528301886793
355,-27,75,183,4.733333333333333,-0.14754098360655737,-31,42,-30,3,1.0333333333333334,14.0
679,-29,139,350,4.884892086330935,-0.08285714285714285,-57,77,-52,3,1.0961538461538463,25.666666666666668
448,-49,89,216,5.033707865168539,-0.22685185185185186,-42,60,-38,5,1.105263157894737,12.0
436,-59,87,259,5.011494252873563,-0.2277992277992278,-40,93,-35,36,1.1428571428571428,2.5833333333333335
324,-32,96,159,3.375,-0.20125786163522014,-39,41,-38,12,1.0263157894736843,3.4166666666666665
299,-78,94,124,3.1808510638297873,-0.6290322580645161,-26,34,-29,4,0.896551724137931,8.5
264,-24,55,103,4.8,-0.23300970873786409,-24,32,-23,6,1.0434782608695652,5.333333333333333
269,-18,58,115,4.637931034482759,-0.1565217391304348,-23,48,-21,19,1.0952380952380953,2.526315789473684
282,-7,68,137,4.147058823529412,-0.051094890510948905,-23,52,-21,16,1.0952380952380953,3.25
374,-8,95,195,3.9368421052631577,-0.041025641025641026,-29,63,-29,14,1.0,4.5
581,87,23,346,25.26086956521739,0.2514450867052023,-98,64,-68,4,1.4411764705882353,16.0
588,6,81,274,7.2592592592592595,0.021897810218978103,-77,47,-64,-10,1.203125,-4.7
589,-105,103,276,5.718446601941747,-0.3804347826086957,-60,109,-54,22,1.1111111111111112,4.954545454545454
734,-42,180,374,4.0777777777777775,-0.11229946524064172,-69,139,-67,48,1.0298507462686568,2.8958333333333335
213,-6,39,114,5.461538461538462,-0.05263157894736842,-24,11,-20,-2,1.2,-5.5
130,9,15,72,8.666666666666666,0.125,-20,15,-16,0,1.25,inf
886,-68,174,394,5.091954022988506,-0.17258883248730963,-105,143,-99,63,1.0606060606060606,2.2698412698412698
894,-54,166,454,5.385542168674699,-0.11894273127753303,-108,146,-103,63,1.0485436893203883,2.3174603174603177
651,-41,71,254,9.169014084507042,-0.16141732283464566,-76,119,-61,27,1.2459016393442623,4.407407407407407
702,-109,175,344,4.011428571428572,-0.3168604651162791,-71,157,-74,82,0.9594594594594594,1.9146341463414633
716,-171,175,305,4.091428571428572,-0.5606557377049181,-66,143,-76,68,0.868421052631579,2.1029411764705883
639,-29,137,392,4.664233576642336,-0.07397959183673469,-78,106,-68,12,1.1470588235294117,8.833333333333334
576,-154,178,269,3.235955056179775,-0.5724907063197026,-47,83,-54,15,0.8703703703703703,5.533333333333333
606,-107,138,336,4.391304347826087,-0.31845238095238093,-74,130,-69,31,1.0724637681159421,4.193548387096774
546,-94,120,218,4.55,-0.43119266055045874,-53,65,-53,5,1.0,13.0
546,-118,135,266,4.044444444444444,-0.44360902255639095,-63,157,-63,72,1.0,2.1805555555555554
568,-110,116,250,4.896551724137931,-0.44,-65,81,-64,19,1.015625,4.2631578947368425
411,17,68,245,6.044117647058823,0.06938775510204082,-58,79,-49,20,1.183673469387755,3.95
392,-39,95,222,4.126315789473685,-0.17567567567567569,-49,77,-47,23,1.0425531914893618,3.347826086956522
847,-53,168,411,5.041666666666667,-0.12895377128953772,-79,99,-71,1,1.1126760563380282,99.0
830,-27,132,423,6.287878787878788,-0.06382978723404255,-88,93,-72,-5,1.2222222222222223,-18.6
611,-62,118,308,5.177966101694915,-0.2012987012987013,-64,89,-56,7,1.1428571428571428,12.714285714285714
611,-70,122,320,5.008196721311475,-0.21875,-66,75,-59,-5,1.11864406779661,-15.0
522,-35,106,286,4.9245283018867925,-0.12237762237762238,-61,83,-56,22,1.0892857142857142,3.772727272727273
531,-22,129,277,4.116279069767442,-0.07942238267148015,-54,88,-48,21,1.125,4.190476190476191
458,-85,110,230,4.163636363636364,-0.3695652173913043,-47,70,-46,15,1.0217391304347827,4.666666666666667
451,-110,114,219,3.956140350877193,-0.502283105022831,-45,79,-45,18,1.0,4.388888888888889
293,-64,85,125,3.447058823529412,-0.512,-25,33,-30,0,0.8333333333333334,inf
936,-186,238,455,3.9327731092436973,-0.4087912087912088,-76,89,-76,-4,1.0,-22.25
966,-140,228,537,4.2368421052631575,-0.260707635009311,-108,134,-103,13,1.0485436893203883,10.307692307692308
822,-97,191,347,4.303664921465969,-0.27953890489913547,-79,77,-78,0,1.0128205128205128,inf
891,-133,194,487,4.592783505154639,-0.2731006160164271,-64,74,-64,1,1.0,74.0
987,-56,192,488,5.140625,-0.11475409836065574,-122,104,-111,-5,1.0990990990990992,-20.8
715,-97,187,305,3.823529411764706,-0.3180327868852459,-77,80,-76,-1,1.013157894736842,-80.0
542,-23,94,290,5.76595744680851,-0.07931034482758621,-79,88,-68,32,1.161764705882353,2.75
853,-62,191,360,4.465968586387435,-0.17222222222222222,-79,61,-77,-10,1.025974025974026,-6.1
857,-76,181,388,4.734806629834254,-0.1958762886597938,-86,114,-79,13,1.0886075949367089,8.76923076923077
417,35,62,211,6.725806451612903,0.16587677725118483,-60,41,-48,-3,1.25,-13.666666666666666
910,135,53,475,17.169811320754718,0.28421052631578947,-110,104,-72,-6,1.5277777777777777,-17.333333333333332
824,84,95,408,8.673684210526316,0.20588235294117646,-109,103,-83,6,1.3132530120481927,17.166666666666668
930,49,156,459,5.961538461538462,0.10675381263616558,-111,108,-91,-3,1.2197802197802199,-36.0
643,0,118,283,5.4491525423728815,0.0,-57,32,-50,-37,1.14,-0.8648648648648649
616,-94,178,309,3.460674157303371,-0.3042071197411003,-47,83,-53,14,0.8867924528301887,5.928571428571429
604,-160,231,304,2.6147186147186146,-0.5263157894736842,-57,125,-71,68,0.8028169014084507,1.838235294117647
855,-2,166,453,5.150602409638554,-0.004415011037527594,-104,123,-91,9,1.1428571428571428,13.666666666666666
840,3,147,439,5.714285714285714,0.00683371298405467,-101,112,-86,4,1.1744186046511629,28.0
420,-91,119,188,3.5294117647058822,-0.48404255319148937,-38,54,-42,4,0.9047619047619048,13.5
705,-96,117,374,6.0256410256410255,-0.25668449197860965,-81,138,-69,39,1.173913043478261,3.5384615384615383
721,-94,122,383,5.909836065573771,-0.2454308093994778,-83,144,-70,38,1.1857142857142857,3.789473684210526
597,-115,113,309,5.283185840707965,-0.37216828478964403,-62,148,-55,51,1.1272727272727272,2.9019607843137254
565,21,44,330,12.840909090909092,0.06363636363636363,-82,96,-61,9,1.3442622950819672,10.666666666666666
516,-67,115,277,4.48695652173913,-0.24187725631768953,-59,108,-56,21,1.0535714285714286,5.142857142857143
527,-66,143,289,3.6853146853146854,-0.22837370242214533,-53,110,-54,27,0.9814814814814815,4.074074074074074
677,-75,185,334,3.6594594594594594,-0.2245508982035928,-65,81,-67,6,0.9701492537313433,13.5
712,-67,191,368,3.7277486910994764,-0.18206521739130435,-71,88,-71,4,1.0,22.0
589,-52,131,297,4.4961832061068705,-0.1750841750841751,-67,60,-63,3,1.0634920634920635,20.0
383,-62,99,201,3.8686868686868685,-0.30845771144278605,-40,84,-40,26,1.0,3.230769230769231
443,-82,121,234,3.6611570247933884,-0.3504273504273504,-44,106,-44,37,1.0,2.864864864864865
518,67,57,305,9.087719298245615,0.21967213114754097,-72,57,-55,-9,1.309090909090909,-6.333333333333333
760,127,75,467,10.133333333333333,0.27194860813704497,-108,59,-78,-20,1.3846153846153846,-2.95
562,-74,128,293,4.390625,-0.2525597269624573,-65,58,-62,2,1.0483870967741935,29.0
568,-6,106,320,5.3584905660377355,-0.01875,-71,61,-62,-3,1.1451612903225807,-20.333333333333332
542,-1,90,301,6.022222222222222,-0.0033222591362126247,-71,51,-60,-7,1.1833333333333333,-7.285714285714286
662,-88,157,384,4.2165605095541405,-0.22916666666666666,-92,165,-88,58,1.0454545454545454,2.8448275862068964
672,-77,141,391,4.76595744680851,-0.1969309462915601,-85,160,-79,56,1.0759493670886076,2.857142857142857
662,-130,180,320,3.6777777777777776,-0.40625,-82,148,-84,44,0.9761904761904762,3.3636363636363638
626,-84,142,301,4.408450704225352,-0.27906976744186046,-90,128,-83,32,1.0843373493975903,4.0
600,-24,56,309,10.714285714285714,-0.07766990291262135,-77,67,-62,-5,1.2419354838709677,-13.4
604,-13,72,329,8.38888888888889,-0.03951367781155015,-80,89,-64,17,1.25,5.235294117647059
433,-57,142,196,3.0492957746478875,-0.29081632653061223,-47,84,-50,24,0.94,3.5
689,-179,170,408,4.052941176470588,-0.4387254901960784,-63,186,-67,100,0.9402985074626866,1.86
694,-132,179,386,3.877094972067039,-0.34196891191709844,-77,178,-79,98,0.9746835443037974,1.816326530612245
504,-93,130,232,3.876923076923077,-0.40086206896551724,-43,72,-46,5,0.9347826086956522,14.4
581,-101,138,292,4.2101449275362315,-0.3458904109589041,-53,85,-56,5,0.9464285714285714,17.0
396,-32,89,218,4.449438202247191,-0.14678899082568808,-49,72,-45,26,1.0888888888888888,2.769230769230769
831,-135,240,482,3.4625,-0.2800829875518672,-85,149,-88,18,0.9659090909090909,8.277777777777779
841,-132,235,494,3.578723404255319,-0.26720647773279355,-87,149,-91,14,0.9560439560439561,10.642857142857142
386,-135,122,213,3.1639344262295084,-0.6338028169014085,-34,69,-39,11,0.8717948717948718,6.2727272727272725
387,-131,121,205,3.1983471074380163,-0.6390243902439025,-31,68,-38,11,0.8157894736842105,6.181818181818182
376,-130,117,211,3.213675213675214,-0.6161137440758294,-31,71,-37,16,0.8378378378378378,4.4375
427,-29,69,232,6.188405797101449,-0.125,-44,52,-35,-1,1.2571428571428571,-52.0
438,-27,70,239,6.257142857142857,-0.11297071129707113,-45,58,-38,3,1.1842105263157894,19.333333333333332
422,-52,89,211,4.741573033707865,-0.24644549763033174,-41,52,-36,0,1.1388888888888888,inf
426,-58,91,206,4.681318681318682,-0.2815533980582524,-37,51,-34,-1,1.088235294117647,-51.0
745,-61,222,428,3.355855855855856,-0.1425233644859813,-63,126,-65,9,0.9692307692307692,14.0
717,-83,239,408,3.0,-0.2034313725490196,-62,131,-67,16,0.9253731343283582,8.1875
502,-89,117,268,4.2905982905982905,-0.332089552238806,-43,94,-39,13,1.1025641025641026,7.230769230769231
519,-86,118,254,4.398305084745763,-0.33858267716535434,-48,78,-45,6,1.0666666666666667,13.0
566,-115,181,302,3.1270718232044197,-0.38079470198675497,-55,88,-58,3,0.9482758620689655,29.333333333333332
538,-86,132,292,4.075757575757576,-0.2945205479452055,-58,89,-56,4,1.0357142857142858,22.25
817,-108,167,408,4.892215568862276,-0.2647058823529412,-88,108,-84,2,1.0476190476190477,54.0
840,-92,156,406,5.384615384615385,-0.22660098522167488,-89,112,-83,7,1.072289156626506,16.0
547,-30,95,272,5.757894736842105,-0.11029411764705882,-66,64,-58,-4,1.1379310344827587,-16.0
631,-37,103,314,6.12621359223301,-0.1178343949044586,-84,72,-74,-5,1.135135135135135,-14.4
594,-66,112,284,5.303571428571429,-0.2323943661971831,-71,64,-65,-5,1.0923076923076922,-12.8
605,-70,111,285,5.45045045045045,-0.24561403508771928,-73,65,-68,-2,1.0735294117647058,-32.5
291,-43,70,137,4.1571428571428575,-0.31386861313868614,-37,22,-36,-2,1.0277777777777777,-11.0
667,-67,159,345,4.19496855345912,-0.19420289855072465,-68,92,-66,5,1.0303030303030303,18.4
666,-74,168,339,3.9642857142857144,-0.2182890855457227,-67,90,-66,4,1.0151515151515151,22.5
651,-62,150,306,4.34,-0.20261437908496732,-65,79,-63,3,1.0317460317460319,26.333333333333332
676,-28,127,355,5.322834645669292,-0.07887323943661972,-85,74,-75,-6,1.1333333333333333,-12.333333333333334
669,-56,172,356,3.88953488372093,-0.15730337078651685,-85,103,-80,14,1.0625,7.357142857142857
521,-78,111,218,4.693693693693693,-0.3577981651376147,-55,56,-51,3,1.0784313725490196,18.666666666666668
514,-62,100,246,5.14,-0.25203252032520324,-52,64,-47,6,1.1063829787234043,10.666666666666666
514,-107,152,238,3.3815789473684212,-0.4495798319327731,-39,67,-44,9,0.8863636363636364,7.444444444444445
518,-117,151,256,3.4304635761589406,-0.45703125,-43,69,-49,8,0.8775510204081632,8.625
736,-115,132,287,5.575757575757576,-0.40069686411149824,-69,82,-66,-6,1.0454545454545454,-13.666666666666666
588,-163,176,283,3.340909090909091,-0.5759717314487632,-42,94,-50,15,0.84,6.266666666666667
620,-102,193,332,3.2124352331606216,-0.3072289156626506,-86,105,-88,49,0.9772727272727273,2.142857142857143
638,-82,165,272,3.8666666666666667,-0.3014705882352941,-63,72,-63,0,1.0,inf
695,-100,198,349,3.51010101010101,-0.28653295128939826,-78,94,-81,0,0.9629629629629629,inf
684,-92,198,367,3.4545454545454546,-0.2506811989100817,-76,99,-79,2,0.9620253164556962,49.5
811,-96,230,510,3.526086956521739,-0.18823529411764706,-117,226,-117,136,1.0,1.661764705882353
835,-188,273,404,3.0586080586080584,-0.46534653465346537,-92,121,-103,10,0.8932038834951457,12.1
731,-125,230,375,3.1782608695652175,-0.3333333333333333,-78,113,-87,13,0.896551724137931,8.692307692307692
701,-87,168,348,4.1726190476190474,-0.25,-63,99,-63,5,1.0,19.8
721,-79,177,336,4.073446327683616,-0.23511904761904762,-67,93,-67,3,1.0,31.0
558,-11,110,318,5.072727272727272,-0.03459119496855346,-73,86,-66,12,1.106060606060606,7.166666666666667
610,-65,143,332,4.265734265734266,-0.19578313253012047,-64,77,-61,-4,1.0491803278688525,-19.25
532,-28,95,297,5.6,-0.09427609427609428,-84,109,-73,46,1.1506849315068493,2.369565217391304
553,-27,106,292,5.216981132075472,-0.09246575342465753,-76,100,-68,29,1.1176470588235294,3.4482758620689653
413,-64,111,209,3.720720720720721,-0.3062200956937799,-45,36,-45,-1,1.0,-36.0
387,34,41,242,9.439024390243903,0.14049586776859505,-54,38,-40,-2,1.35,-19.0
439,-41,120,227,3.658333333333333,-0.18061674008810572,-51,70,-53,14,0.9622641509433962,5.0
341,-45,112,163,3.044642857142857,-0.27607361963190186,-37,67,-42,30,0.8809523809523809,2.2333333333333334
499,-69,97,241,5.144329896907217,-0.2863070539419087,-51,67,-49,3,1.0408163265306123,22.333333333333332
601,-61,110,283,5.463636363636364,-0.21554770318021202,-57,79,-49,-10,1.163265306122449,-7.9
778,-125,216,411,3.6018518518518516,-0.30413625304136255,-70,99,-77,3,0.9090909090909091,33.0
798,-167,261,430,3.057471264367816,-0.3883720930232558,-64,119,-75,13,0.8533333333333334,9.153846153846153
293,-44,79,145,3.7088607594936707,-0.30344827586206896,-29,41,-29,3,1.0,13.666666666666666
443,-72,117,228,3.786324786324786,-0.3157894736842105,-44,54,-44,2,1.0,27.0
500,-81,132,240,3.787878787878788,-0.3375,-53,57,-54,3,0.9814814814814815,19.0
437,-50,117,221,3.735042735042735,-0.22624434389140272,-52,55,-53,-1,0.9811320754716981,-55.0
304,-54,99,167,3.0707070707070705,-0.32335329341317365,-26,36,-28,3,0.9285714285714286,12.0
309,-19,75,143,4.12,-0.13286713286713286,-35,20,-33,-6,1.0606060606060606,-3.3333333333333335
223,-42,54,94,4.12962962962963,-0.44680851063829785,-20,31,-20,8,1.0,3.875
680,-38,188,353,3.617021276595745,-0.10764872521246459,-74,89,-72,2,1.0277777777777777,44.5
190,-16,38,119,5.0,-0.13445378151260504,-28,39,-26,18,1.0769230769230769,2.1666666666666665
189,-21,43,104,4.395348837209302,-0.20192307692307693,-25,37,-24,17,1.0416666666666667,2.176470588235294
400,-60,110,205,3.6363636363636362,-0.2926829268292683,-38,58,-41,6,0.926829268292683,9.666666666666666
410,-33,92,219,4.456521739130435,-0.1506849315068493,-42,64,-41,3,1.024390243902439,21.333333333333332
588,-50,114,266,5.157894736842105,-0.18796992481203006,-80,99,-73,10,1.095890410958904,9.9
549,-34,111,316,4.945945945945946,-0.10759493670886076,-86,80,-77,11,1.1168831168831168,7.2727272727272725
708,-68,197,349,3.5939086294416245,-0.19484240687679083,-83,86,-83,-2,1.0,-43.0
752,-105,214,379,3.514018691588785,-0.2770448548812665,-99,98,-100,3,0.99,32.666666666666664
875,-164,221,462,3.9592760180995477,-0.354978354978355,-100,141,-103,13,0.970873786407767,10.846153846153847
918,-149,225,489,4.08,-0.3047034764826176,-108,142,-110,6,0.9818181818181818,23.666666666666668
314,-18,65,172,4.8307692307692305,-0.10465116279069768,-43,42,-38,-3,1.131578947368421,-14.0
449,-40,101,220,4.445544554455446,-0.18181818181818182,-41,96,-38,34,1.0789473684210527,2.823529411764706
458,-90,131,231,3.49618320610687,-0.38961038961038963,-36,99,-41,32,0.8780487804878049,3.09375
582,-109,179,289,3.2513966480446927,-0.3771626297577855,-57,135,-64,58,0.890625,2.3275862068965516
591,-86,150,262,3.94,-0.3282442748091603,-58,127,-59,54,0.9830508474576272,2.3518518518518516
531,-93,157,237,3.3821656050955413,-0.3924050632911392,-39,117,-45,41,0.8666666666666667,2.8536585365853657
580,-91,168,320,3.4523809523809526,-0.284375,-49,101,-54,18,0.9074074074074074,5.611111111111111
584,-88,174,336,3.3563218390804597,-0.2619047619047619,-48,111,-52,24,0.9230769230769231,4.625
500,-6,106,290,4.716981132075472,-0.020689655172413793,-69,95,-60,25,1.15,3.8
459,-46,103,283,4.456310679611651,-0.1625441696113074,-60,107,-54,38,1.1111111111111112,2.8157894736842106
597,-80,164,359,3.6402439024390243,-0.22284122562674094,-53,135,-56,37,0.9464285714285714,3.6486486486486487
688,-93,170,381,4.047058823529412,-0.2440944881889764,-76,77,-74,-8,1.027027027027027,-9.625
716,-102,193,381,3.709844559585492,-0.2677165354330709,-73,83,-76,-1,0.9605263157894737,-83.0
807,-103,200,433,4.035,-0.23787528868360278,-86,92,-86,-3,1.0,-30.666666666666668
518,-70,137,312,3.781021897810219,-0.22435897435897437,-84,98,-82,51,1.024390243902439,1.9215686274509804
566,-36,134,320,4.223880597014926,-0.1125,-77,79,-74,21,1.0405405405405406,3.761904761904762
541,-57,133,311,4.067669172932331,-0.1832797427652733,-70,63,-66,2,1.0606060606060606,31.5
548,-20,82,276,6.682926829268292,-0.07246376811594203,-60,54,-48,-6,1.25,-9.0
536,-73,128,246,4.1875,-0.2967479674796748,-47,61,-44,-2,1.0681818181818181,-30.5
543,-65,120,252,4.525,-0.25793650793650796,-51,60,-46,-2,1.108695652173913,-30.0
513,-92,120,260,4.275,-0.35384615384615387,-44,66,-41,2,1.0731707317073171,33.0
640,-105,142,330,4.507042253521127,-0.3181818181818182,-63,88,-59,-3,1.0677966101694916,-29.333333333333332
627,-50,151,383,4.152317880794702,-0.13054830287206268,-78,78,-71,-10,1.0985915492957747,-7.8
669,-48,159,429,4.2075471698113205,-0.11188811188811189,-78,89,-72,-11,1.0833333333333333,-8.090909090909092
373,-77,107,200,3.485981308411215,-0.385,-41,71,-42,11,0.9761904761904762,6.454545454545454
395,-76,126,226,3.134920634920635,-0.336283185840708,-35,73,-39,11,0.8974358974358975,6.636363636363637
552,-109,133,255,4.150375939849624,-0.42745098039215684,-60,69,-62,0,0.967741935483871,inf
569,-109,147,258,3.870748299319728,-0.42248062015503873,-60,63,-62,-10,0.967741935483871,-6.3
564,-74,168,290,3.357142857142857,-0.25517241379310346,-59,78,-60,5,0.9833333333333333,15.6
578,-83,191,310,3.026178010471204,-0.267741935483871,-65,88,-70,10,0.9285714285714286,8.8
574,-63,99,282,5.797979797979798,-0.22340425531914893,-63,69,-58,0,1.0862068965517242,inf
581,-112,121,287,4.801652892561983,-0.3902439024390244,-59,75,-57,4,1.0350877192982457,18.75
757,-65,153,348,4.947712418300654,-0.1867816091954023,-83,67,-77,1,1.077922077922078,67.0
787,-47,161,364,4.888198757763975,-0.12912087912087913,-87,61,-77,-2,1.12987012987013,-30.5
641,-15,99,323,6.474747474747475,-0.04643962848297214,-74,41,-64,-9,1.15625,-4.555555555555555
652,-43,129,327,5.054263565891473,-0.13149847094801223,-70,48,-64,-5,1.09375,-9.6
608,-84,148,307,4.108108108108108,-0.2736156351791531,-67,87,-67,3,1.0,29.0
579,-82,135,296,4.288888888888889,-0.27702702702702703,-62,80,-60,-2,1.0333333333333334,-40.0
532,-43,118,273,4.508474576271187,-0.1575091575091575,-75,99,-69,38,1.0869565217391304,2.6052631578947367
565,-46,130,292,4.346153846153846,-0.15753424657534246,-76,104,-71,39,1.0704225352112675,2.6666666666666665
680,-98,185,338,3.675675675675676,-0.28994082840236685,-79,99,-78,-2,1.0128205128205128,-49.5
677,-109,187,331,3.620320855614973,-0.3293051359516616,-85,95,-84,-2,1.0119047619047619,-47.5
606,-63,137,275,4.423357664233577,-0.2290909090909091,-70,79,-66,6,1.0606060606060606,13.166666666666666
605,-66,143,275,4.230769230769231,-0.24,-66,82,-65,5,1.0153846153846153,16.4
594,-73,152,285,3.9078947368421053,-0.256140350877193,-83,113,-81,53,1.0246913580246915,2.1320754716981134
412,-70,112,215,3.6785714285714284,-0.32558139534883723,-45,35,-45,-3,1.0,-11.666666666666666
667,-72,176,352,3.789772727272727,-0.20454545454545456,-73,72,-73,5,1.0,14.4
673,-87,193,302,3.4870466321243523,-0.28807947019867547,-69,56,-71,-2,0.971830985915493,-28.0
405,-73,112,190,3.6160714285714284,-0.38421052631578945,-42,41,-44,2,0.9545454545454546,20.5
359,-49,91,201,3.9450549450549453,-0.24378109452736318,-39,46,-39,2,1.0,23.0
316,-49,71,179,4.450704225352113,-0.2737430167597765,-39,47,-38,5,1.0263157894736843,9.4
434,-45,105,236,4.133333333333334,-0.1906779661016949,-45,42,-43,-7,1.0465116279069768,-6.0
372,-28,86,204,4.325581395348837,-0.13725490196078433,-30,23,-26,-32,1.1538461538461537,-0.71875
442,-46,114,246,3.8771929824561404,-0.18699186991869918,-53,43,-50,-9,1.06,-4.777777777777778
404,-84,120,233,3.3666666666666667,-0.3605150214592275,-47,68,-49,6,0.9591836734693877,11.333333333333334
663,-80,128,308,5.1796875,-0.2597402597402597,-60,65,-54,-8,1.1111111111111112,-8.125
665,-70,123,330,5.40650406504065,-0.21212121212121213,-60,62,-53,-6,1.1320754716981132,-10.333333333333334
711,-124,200,383,3.555,-0.3237597911227154,-75,106,-79,8,0.9493670886075949,13.25
739,-141,235,419,3.1446808510638298,-0.33651551312649164,-71,116,-76,11,0.9342105263157895,10.545454545454545
711,-67,162,381,4.388888888888889,-0.17585301837270342,-89,85,-85,-2,1.0470588235294118,-42.5
883,-89,242,519,3.6487603305785123,-0.17148362235067438,-101,118,-100,54,1.01,2.185185185185185
345,-83,108,169,3.1944444444444446,-0.4911242603550296,-32,34,-34,-18,0.9411764705882353,-1.8888888888888888
410,-44,98,207,4.183673469387755,-0.21256038647342995,-44,45,-41,-1,1.0731707317073171,-45.0
417,-43,99,213,4.212121212121212,-0.20187793427230047,-47,44,-44,-1,1.0681818181818181,-44.0
395,-91,118,187,3.347457627118644,-0.48663101604278075,-19,24,-24,-38,0.7916666666666666,-0.631578947368421
648,-64,149,352,4.348993288590604,-0.18181818181818182,-87,70,-80,-9,1.0875,-7.777777777777778
737,-49,158,384,4.6645569620253164,-0.12760416666666666,-97,76,-90,-12,1.0777777777777777,-6.333333333333333
648,-72,162,336,4.0,-0.21428571428571427,-85,72,-80,0,1.0625,inf
656,-66,164,339,4.0,-0.19469026548672566,-86,74,-81,0,1.0617283950617284,inf
397,-64,126,225,3.1507936507936507,-0.28444444444444444,-50,59,-51,2,0.9803921568627451,29.5
705,-48,163,358,4.325153374233129,-0.1340782122905028,-103,87,-92,-9,1.1195652173913044,-9.666666666666666
448,-85,136,196,3.2941176470588234,-0.4336734693877551,-50,71,-54,4,0.9259259259259259,17.75
723,-112,208,322,3.4759615384615383,-0.34782608695652173,-85,106,-84,1,1.0119047619047619,106.0
206,-30,45,110,4.5777777777777775,-0.2727272727272727,-23,35,-22,0,1.0454545454545454,inf
646,-61,146,356,4.424657534246576,-0.17134831460674158,-55,93,-53,4,1.0377358490566038,23.25
631,-100,163,341,3.871165644171779,-0.2932551319648094,-48,93,-50,9,0.96,10.333333333333334
294,-20,71,149,4.140845070422535,-0.1342281879194631,-37,30,-35,9,1.0571428571428572,3.3333333333333335
441,-77,125,223,3.528,-0.3452914798206278,-38,64,-40,10,0.95,6.4
419,-69,123,222,3.4065040650406506,-0.3108108108108108,-39,67,-41,13,0.9512195121951219,5.153846153846154
325,-59,92,167,3.532608695652174,-0.3532934131736527,-26,49,-28,5,0.9285714285714286,9.8
341,-30,79,181,4.3164556962025316,-0.16574585635359115,-34,53,-32,5,1.0625,10.6
543,-48,100,274,5.43,-0.17518248175182483,-69,87,-60,12,1.15,7.25
536,-54,85,258,6.305882352941176,-0.20930232558139536,-71,77,-61,-1,1.1639344262295082,-77.0
878,-95,174,459,5.045977011494253,-0.20697167755991286,-109,128,-102,-8,1.0686274509803921,-16.0
807,-116,174,434,4.637931034482759,-0.2672811059907834,-105,131,-95,-4,1.105263157894737,-32.75
760,-120,167,419,4.550898203592815,-0.2863961813842482,-91,121,-89,-8,1.0224719101123596,-15.125
754,-119,161,402,4.683229813664596,-0.2960199004975124,-94,128,-90,-2,1.0444444444444445,-64.0
1189,-156,322,679,3.6925465838509317,-0.22974963181148747,-156,189,-148,-6,1.054054054054054,-31.5
1160,-128,314,647,3.694267515923567,-0.19783616692426584,-151,182,-144,-8,1.0486111111111112,-22.75
517,-72,132,270,3.9166666666666665,-0.26666666666666666,-61,76,-60,0,1.0166666666666666,inf
662,-77,160,347,4.1375,-0.2219020172910663,-78,77,-75,-2,1.04,-38.5
55,-5,15,31,3.6666666666666665,-0.16129032258064516,-5,10,-5,4,1.0,2.5
692,-167,261,356,2.6513409961685825,-0.4691011235955056,-54,148,-67,47,0.8059701492537313,3.148936170212766
706,-131,203,299,3.477832512315271,-0.43812709030100333,-62,131,-71,25,0.8732394366197183,5.24
732,-73,152,394,4.815789473684211,-0.18527918781725888,-75,101,-69,-3,1.0869565217391304,-33.666666666666664
734,-72,160,402,4.5875,-0.1791044776119403,-74,110,-66,2,1.121212121212121,55.0
256,-13,49,137,5.224489795918367,-0.0948905109489051,-33,30,-29,-2,1.1379310344827587,-15.0
614,-65,163,329,3.766871165644172,-0.19756838905775076,-66,67,-66,-5,1.0,-13.4
611,-56,153,337,3.9934640522875817,-0.1661721068249258,-68,67,-67,-9,1.0149253731343284,-7.444444444444445
754,-50,187,468,4.032085561497326,-0.10683760683760683,-85,100,-82,-6,1.0365853658536586,-16.666666666666668
760,-42,181,474,4.198895027624309,-0.08860759493670886,-87,104,-80,-8,1.0875,-13.0
881,-127,199,443,4.42713567839196,-0.2866817155756208,-87,98,-82,-5,1.0609756097560976,-19.6
869,-144,202,438,4.301980198019802,-0.3287671232876712,-84,91,-80,-4,1.05,-22.75
748,-74,139,333,5.381294964028777,-0.2222222222222222,-85,81,-80,-6,1.0625,-13.5
763,-67,139,342,5.489208633093525,-0.195906432748538,-84,80,-78,-7,1.0769230769230769,-11.428571428571429
678,-93,171,285,3.9649122807017543,-0.3263157894736842,-72,70,-73,0,0.9863013698630136,inf
669,-126,178,272,3.758426966292135,-0.4632352941176471,-67,78,-71,4,0.9436619718309859,19.5
562,-131,233,307,2.412017167381974,-0.42671009771986973,-40,99,-55,16,0.7272727272727273,6.1875
600,-120,240,332,2.5,-0.3614457831325301,-44,105,-59,12,0.7457627118644068,8.75
710,-174,272,365,2.610294117647059,-0.4767123287671233,-54,120,-70,19,0.7714285714285715,6.315789473684211
697,-88,188,333,3.7074468085106385,-0.26426426426426425,-76,76,-79,5,0.9620253164556962,15.2
724,-110,202,346,3.5841584158415842,-0.3179190751445087,-75,76,-80,7,0.9375,10.857142857142858
707,-97,192,349,3.6822916666666665,-0.27793696275071633,-78,73,-80,5,0.975,14.6
717,-147,259,381,2.7683397683397684,-0.3858267716535433,-63,119,-74,19,0.8513513513513513,6.2631578947368425
49,-9,14,26,3.5,-0.34615384615384615,-6,6,-6,1,1.0,6.0
550,-67,136,282,4.044117647058823,-0.2375886524822695,-59,61,-58,6,1.0172413793103448,10.166666666666666
552,-73,133,291,4.150375939849624,-0.2508591065292096,-56,53,-55,4,1.018181818181818,13.25
517,-65,124,267,4.169354838709677,-0.24344569288389514,-52,60,-49,-1,1.0612244897959184,-60.0
522,-65,126,272,4.142857142857143,-0.23897058823529413,-53,59,-50,-3,1.06,-19.666666666666668
772,-108,169,407,4.568047337278107,-0.26535626535626533,-91,92,-85,-10,1.0705882352941176,-9.2
762,-102,164,403,4.646341463414634,-0.2531017369727047,-94,89,-83,-9,1.1325301204819278,-9.88888888888889
326,-34,83,179,3.927710843373494,-0.18994413407821228,-45,36,-43,3,1.0465116279069768,12.0
801,-164,261,277,3.0689655172413794,-0.592057761732852,-79,89,-93,4,0.8494623655913979,22.25
788,-145,251,281,3.139442231075697,-0.5160142348754448,-76,77,-91,-11,0.8351648351648352,-7.0
273,-40,84,177,3.25,-0.22598870056497175,-44,74,-44,37,1.0,2.0
136,-13,33,69,4.121212121212121,-0.18840579710144928,-15,11,-14,-2,1.0714285714285714,-5.5
137,-14,31,69,4.419354838709677,-0.2028985507246377,-15,11,-14,-2,1.0714285714285714,-5.5
534,-56,131,276,4.076335877862595,-0.2028985507246377,-60,56,-58,-5,1.0344827586206897,-11.2
544,-54,140,282,3.8857142857142857,-0.19148936170212766,-58,59,-58,-7,1.0,-8.428571428571429
279,-44,73,137,3.8219178082191783,-0.32116788321167883,-30,26,-30,-1,1.0,-26.0
620,-55,142,316,4.366197183098592,-0.17405063291139242,-75,61,-72,-4,1.0416666666666667,-15.25
288,-77,86,178,3.3488372093023258,-0.43258426966292135,-30,52,-33,2,0.9090909090909091,26.0
530,-103,154,246,3.4415584415584415,-0.4186991869918699,-49,67,-53,4,0.9245283018867925,16.75
531,-85,145,242,3.6620689655172414,-0.3512396694214876,-47,62,-50,1,0.94,62.0
309,-56,89,166,3.4719101123595504,-0.3373493975903614,-37,52,-37,0,1.0,inf
303,-23,58,182,5.224137931034483,-0.12637362637362637,-40,72,-37,21,1.0810810810810811,3.4285714285714284
635,-74,172,260,3.691860465116279,-0.2846153846153846,-81,69,-76,-5,1.0657894736842106,-13.8
627,-63,178,292,3.5224719101123596,-0.21575342465753425,-77,78,-73,0,1.0547945205479452,inf
839,-39,237,396,3.540084388185654,-0.09848484848484848,-119,87,-113,-12,1.0530973451327434,-7.25
832,-110,252,366,3.3015873015873014,-0.3005464480874317,-114,96,-115,-7,0.991304347826087,-13.714285714285714
798,-128,234,360,3.41025641025641,-0.35555555555555557,-98,98,-98,-1,1.0,-98.0
793,-128,233,354,3.40343347639485,-0.3615819209039548,-97,98,-100,-1,0.97,-98.0
282,-49,77,165,3.6623376623376624,-0.296969696969697,-33,42,-32,4,1.03125,10.5
779,-117,225,430,3.462222222222222,-0.27209302325581397,-71,112,-73,11,0.9726027397260274,10.181818181818182
777,-149,246,431,3.158536585365854,-0.345707656612529,-63,109,-70,9,0.9,12.11111111111111
217,-39,69,132,3.1449275362318843,-0.29545454545454547,-21,34,-22,9,0.9545454545454546,3.7777777777777777
216,-35,69,140,3.130434782608696,-0.25,-21,35,-23,6,0.9130434782608695,5.833333333333333
219,-41,72,135,3.0416666666666665,-0.3037037037037037,-20,34,-23,5,0.8695652173913043,6.8
249,-3,39,128,6.384615384615385,-0.0234375,-36,30,-30,-6,1.2,-5.0
655,-29,164,389,3.9939024390243905,-0.07455012853470437,-85,84,-81,-4,1.0493827160493827,-21.0
660,-34,161,397,4.099378881987578,-0.08564231738035265,-84,85,-80,-6,1.05,-14.166666666666666
256,-28,61,161,4.19672131147541,-0.17391304347826086,-39,51,-36,20,1.0833333333333333,2.55
148,-38,54,73,2.740740740740741,-0.5205479452054794,-16,23,-18,2,0.8888888888888888,11.5
613,-83,167,312,3.6706586826347305,-0.266025641025641,-81,62,-77,-5,1.051948051948052,-12.4
610,-70,158,314,3.8607594936708862,-0.2229299363057325,-83,51,-77,-10,1.077922077922078,-5.1
804,-120,227,459,3.541850220264317,-0.26143790849673204,-112,94,-109,-2,1.0275229357798166,-47.0
790,-112,224,445,3.5267857142857144,-0.251685393258427,-105,94,-101,-1,1.0396039603960396,-94.0
709,-48,159,418,4.459119496855346,-0.11483253588516747,-77,79,-71,-4,1.0845070422535212,-19.75
722,-87,172,429,4.1976744186046515,-0.20279720279720279,-78,82,-73,-1,1.0684931506849316,-82.0
809,-130,254,426,3.1850393700787403,-0.3051643192488263,-78,103,-86,5,0.9069767441860465,20.6
822,-110,251,439,3.2749003984063747,-0.2505694760820046,-80,106,-86,6,0.9302325581395349,17.666666666666668
405,-59,104,226,3.894230769230769,-0.2610619469026549,-44,41,-43,-3,1.0232558139534884,-13.666666666666666
412,-65,104,227,3.9615384615384617,-0.28634361233480177,-44,41,-43,-3,1.0232558139534884,-13.666666666666666
936,-142,266,562,3.518796992481203,-0.2526690391459075,-115,131,-111,5,1.0360360360360361,26.2
1010,-162,326,532,3.098159509202454,-0.30451127819548873,-129,116,-134,-11,0.9626865671641791,-10.545454545454545
773,-75,194,434,3.984536082474227,-0.1728110599078341,-87,87,-85,-3,1.0235294117647058,-29.0
785,-90,205,435,3.8292682926829267,-0.20689655172413793,-90,91,-90,-5,1.0,-18.2
965,-72,216,590,4.467592592592593,-0.12203389830508475,-114,128,-106,-18,1.0754716981132075,-7.111111111111111
627,-85,169,365,3.710059171597633,-0.2328767123287671,-64,104,-63,14,1.0158730158730158,7.428571428571429
581,-134,161,332,3.608695652173913,-0.4036144578313253,-52,102,-59,10,0.8813559322033898,10.2
694,-92,181,407,3.834254143646409,-0.22604422604422605,-71,103,-71,8,1.0,12.875
604,-109,176,310,3.4318181818181817,-0.35161290322580646,-61,58,-62,2,0.9838709677419355,29.0
637,-118,180,349,3.5388888888888888,-0.33810888252148996,-70,72,-70,3,1.0,24.0
521,-102,148,286,3.52027027027027,-0.35664335664335667,-51,56,-54,-5,0.9444444444444444,-11.2
548,-91,134,304,4.08955223880597,-0.2993421052631579,-59,57,-58,-8,1.0172413793103448,-7.125
558,-87,136,308,4.102941176470588,-0.2824675324675325,-61,59,-59,-7,1.0338983050847457,-8.428571428571429
395,-75,116,229,3.4051724137931036,-0.32751091703056767,-39,80,-41,25,0.9512195121951219,3.2
397,-74,116,220,3.4224137931034484,-0.33636363636363636,-43,66,-45,10,0.9555555555555556,6.6
826,-140,224,476,3.6875,-0.29411764705882354,-108,91,-107,0,1.0093457943925233,inf
827,-151,237,481,3.4894514767932487,-0.31392931392931395,-107,91,-106,-8,1.009433962264151,-11.375
304,-4,66,169,4.606060606060606,-0.023668639053254437,-53,35,-46,-7,1.1521739130434783,-5.0
308,-37,75,206,4.1066666666666665,-0.1796116504854369,-44,43,-41,1,1.0731707317073171,43.0
822,-176,238,373,3.453781512605042,-0.4718498659517426,-80,88,-84,-7,0.9523809523809523,-12.571428571428571
840,-162,229,388,3.668122270742358,-0.4175257731958763,-84,91,-86,-6,0.9767441860465116,-15.166666666666666
676,-136,184,351,3.6739130434782608,-0.38746438746438744,-65,90,-68,9,0.9558823529411765,10.0
686,-132,175,355,3.92,-0.37183098591549296,-64,85,-67,3,0.9552238805970149,28.333333333333332
244,-36,72,148,3.388888888888889,-0.24324324324324326,-39,63,-38,30,1.0263157894736843,2.1
642,-77,168,308,3.8214285714285716,-0.25,-85,84,-82,-4,1.0365853658536586,-21.0
641,-96,183,304,3.5027322404371586,-0.3157894736842105,-78,90,-78,-2,1.0,-45.0
577,-38,182,334,3.17032967032967,-0.11377245508982035,-74,83,-77,6,0.961038961038961,13.833333333333334
610,-38,184,356,3.3152173913043477,-0.10674157303370786,-75,81,-76,2,0.9868421052631579,40.5
546,-20,143,336,3.8181818181818183,-0.05952380952380952,-63,73,-60,-2,1.05,-36.5
599,-45,180,368,3.327777777777778,-0.12228260869565218,-68,85,-69,0,0.9855072463768116,inf
242,-22,48,153,5.041666666666667,-0.1437908496732026,-31,32,-28,-4,1.1071428571428572,-8.0
212,-16,43,125,4.930232558139535,-0.128,-24,23,-20,-3,1.2,-7.666666666666667
129,-21,42,68,3.0714285714285716,-0.3088235294117647,-17,16,-18,2,0.9444444444444444,8.0
129,-21,42,68,3.0714285714285716,-0.3088235294117647,-17,16,-18,2,0.9444444444444444,8.0
485,-71,143,298,3.3916083916083917,-0.23825503355704697,-63,56,-61,0,1.0327868852459017,inf
477,-45,111,293,4.297297297297297,-0.15358361774744028,-65,48,-59,-6,1.1016949152542372,-8.0
492,-29,115,311,4.278260869565218,-0.0932475884244373,-72,39,-65,-8,1.1076923076923078,-4.875
398,-119,152,214,2.6184210526315788,-0.5560747663551402,-41,46,-50,4,0.82,11.5
470,-80,136,287,3.4558823529411766,-0.2787456445993031,-62,52,-61,-1,1.0163934426229508,-52.0
618,-115,205,393,3.0146341463414634,-0.2926208651399491,-77,80,-84,4,0.9166666666666666,20.0
767,-122,210,460,3.6523809523809523,-0.26521739130434785,-89,82,-93,-2,0.956989247311828,-41.0
777,-160,235,553,3.3063829787234043,-0.28933092224231466,-110,180,-116,96,0.9482758620689655,1.875
767,-138,220,498,3.4863636363636363,-0.27710843373493976,-90,95,-94,6,0.9574468085106383,15.833333333333334
876,-124,211,552,4.151658767772512,-0.2246376811594203,-109,87,-105,-4,1.0380952380952382,-21.75
955,-138,243,638,3.9300411522633745,-0.21630094043887146,-141,140,-141,37,1.0,3.7837837837837838
420,-88,128,231,3.28125,-0.38095238095238093,-41,82,-45,5,0.9111111111111111,16.4
409,-94,130,237,3.146153846153846,-0.39662447257383965,-53,81,-56,5,0.9464285714285714,16.2
380,-58,139,200,2.7338129496402876,-0.29,-58,67,-62,11,0.9354838709677419,6.090909090909091
334,-43,110,194,3.036363636363636,-0.22164948453608246,-46,68,-47,3,0.9787234042553191,22.666666666666668
804,-131,208,440,3.8653846153846154,-0.29772727272727273,-86,87,-85,-10,1.011764705882353,-8.7
833,-89,189,488,4.407407407407407,-0.18237704918032788,-103,93,-96,-7,1.0729166666666667,-13.285714285714286
849,-119,245,448,3.4653061224489794,-0.265625,-92,91,-97,-10,0.9484536082474226,-9.1
168,-25,47,95,3.574468085106383,-0.2631578947368421,-24,32,-24,17,1.0,1.8823529411764706
847,-80,189,470,4.481481481481482,-0.1702127659574468,-108,69,-97,-7,1.1134020618556701,-9.857142857142858
786,-58,162,433,4.851851851851852,-0.13394919168591224,-92,64,-80,-7,1.15,-9.142857142857142
815,-135,213,459,3.8262910798122065,-0.29411764705882354,-94,81,-91,-17,1.032967032967033,-4.764705882352941
821,-144,223,459,3.681614349775785,-0.3137254901960784,-93,84,-93,-22,1.0,-3.8181818181818183
654,-82,156,328,4.1923076923076925,-0.25,-69,62,-66,-7,1.0454545454545454,-8.857142857142858
767,-86,179,380,4.284916201117318,-0.22631578947368422,-88,66,-82,-12,1.0731707317073171,-5.5
580,-113,149,339,3.8926174496644297,-0.3333333333333333,-80,85,-79,25,1.0126582278481013,3.4
637,-110,165,318,3.860606060606061,-0.34591194968553457,-82,57,-82,-12,1.0,-4.75
773,-101,176,433,4.392045454545454,-0.23325635103926096,-102,72,-93,-10,1.096774193548387,-7.2
810,-107,198,437,4.090909090909091,-0.2448512585812357,-103,75,-97,-7,1.0618556701030928,-10.714285714285714
343,-55,101,203,3.396039603960396,-0.270935960591133,-48,66,-49,36,0.9795918367346939,1.8333333333333333
810,-116,212,386,3.8207547169811322,-0.3005181347150259,-100,73,-96,-4,1.0416666666666667,-18.25
843,-115,222,399,3.7972972972972974,-0.2882205513784461,-93,73,-91,1,1.021978021978022,73.0
833,-166,255,426,3.2666666666666666,-0.38967136150234744,-82,95,-89,1,0.9213483146067416,95.0
825,-179,249,424,3.3132530120481927,-0.4221698113207547,-85,92,-93,4,0.9139784946236559,23.0
428,-54,129,231,3.317829457364341,-0.23376623376623376,-53,54,-54,1,0.9814814814814815,54.0
424,-62,135,235,3.140740740740741,-0.26382978723404255,-72,91,-72,32,1.0,2.84375
420,-62,111,240,3.7837837837837838,-0.25833333333333336,-58,74,-56,1,1.0357142857142858,74.0
418,-57,116,249,3.603448275862069,-0.2289156626506024,-62,73,-62,1,1.0,73.0
504,-73,120,292,4.2,-0.25,-63,83,-60,1,1.05,83.0
658,-77,178,301,3.696629213483146,-0.2558139534883721,-99,82,-97,0,1.0206185567010309,inf
710,-120,202,320,3.514851485148515,-0.375,-99,88,-99,2,1.0,44.0
743,-122,237,369,3.1350210970464136,-0.33062330623306235,-91,101,-97,0,0.9381443298969072,inf
731,-109,222,365,3.2927927927927927,-0.29863013698630136,-98,94,-101,-1,0.9702970297029703,-94.0
498,-49,128,288,3.890625,-0.1701388888888889,-61,80,-58,0,1.0517241379310345,inf
757,-56,155,445,4.883870967741935,-0.1258426966292135,-108,122,-97,1,1.1134020618556701,122.0
741,-62,157,434,4.719745222929936,-0.14285714285714285,-110,118,-100,-3,1.1,-39.333333333333336
1017,-35,193,582,5.269430051813472,-0.06013745704467354,-141,145,-124,-1,1.1370967741935485,-145.0
994,-33,186,567,5.344086021505376,-0.0582010582010582,-133,145,-116,2,1.146551724137931,72.5
795,-52,174,487,4.568965517241379,-0.10677618069815195,-104,138,-92,1,1.1304347826086956,138.0
271,-33,56,153,4.839285714285714,-0.21568627450980393,-33,31,-30,-4,1.1,-7.75
254,-51,65,128,3.9076923076923076,-0.3984375,-32,28,-32,-1,1.0,-28.0
782,-88,203,434,3.852216748768473,-0.20276497695852536,-94,104,-88,27,1.0681818181818181,3.8518518518518516
787,-89,203,432,3.876847290640394,-0.20601851851851852,-84,97,-80,-1,1.05,-97.0
698,-106,199,357,3.507537688442211,-0.2969187675070028,-68,94,-72,-13,0.9444444444444444,-7.230769230769231
677,-114,201,348,3.3681592039800994,-0.3275862068965517,-61,103,-66,21,0.9242424242424242,4.904761904761905
525,-59,157,263,3.343949044585987,-0.22433460076045628,-61,67,-62,16,0.9838709677419355,4.1875
615,-49,178,309,3.455056179775281,-0.15857605177993528,-74,75,-73,4,1.0136986301369864,18.75
395,-61,98,200,4.030612244897959,-0.305,-41,56,-42,12,0.9761904761904762,4.666666666666667
408,-55,107,206,3.8130841121495327,-0.2669902912621359,-39,51,-41,12,0.9512195121951219,4.25
410,-73,137,212,2.9927007299270074,-0.3443396226415094,-44,68,-48,29,0.9166666666666666,2.3448275862068964
412,-70,129,212,3.193798449612403,-0.330188679245283,-43,63,-45,24,0.9555555555555556,2.625
510,-115,169,250,3.0177514792899407,-0.46,-49,56,-56,8,0.875,7.0
506,-122,167,244,3.029940119760479,-0.5,-52,67,-59,21,0.8813559322033898,3.1904761904761907
360,-64,107,175,3.364485981308411,-0.3657142857142857,-32,43,-35,6,0.9142857142857143,7.166666666666667
382,-67,116,179,3.293103448275862,-0.3743016759776536,-31,49,-34,0,0.9117647058823529,inf
958,-206,242,497,3.958677685950413,-0.41448692152917505,-97,221,-97,71,1.0,3.112676056338028
1018,-232,273,512,3.728937728937729,-0.453125,-140,237,-142,102,0.9859154929577465,2.323529411764706
797,-192,263,367,3.03041825095057,-0.5231607629427792,-71,202,-87,67,0.8160919540229885,3.014925373134328
787,3,201,364,3.915422885572139,0.008241758241758242,-82,150,-75,27,1.0933333333333333,5.555555555555555
426,-51,128,216,3.328125,-0.2361111111111111,-44,91,-46,20,0.9565217391304348,4.55
435,-49,72,216,6.041666666666667,-0.22685185185185186,-69,95,-61,44,1.1311475409836065,2.159090909090909
905,-315,299,276,3.0267558528428093,-1.141304347826087,-30,146,-61,63,0.4918032786885246,2.3174603174603177
70,-5,17,34,4.117647058823529,-0.14705882352941177,-6,12,-7,6,0.8571428571428571,2.0
744,20,105,397,7.085714285714285,0.05037783375314862,-125,145,-100,37,1.25,3.918918918918919
761,43,130,313,5.8538461538461535,0.13738019169329074,-105,103,-85,3,1.2352941176470589,34.333333333333336
726,-37,82,353,8.853658536585366,-0.1048158640226629,-105,159,-84,74,1.25,2.1486486486486487
724,99,57,417,12.701754385964913,0.23741007194244604,-102,137,-71,15,1.4366197183098592,9.133333333333333
697,45,98,426,7.112244897959184,0.1056338028169014,-86,157,-67,31,1.2835820895522387,5.064516129032258
711,-28,119,397,5.974789915966387,-0.07052896725440806,-82,171,-68,46,1.2058823529411764,3.717391304347826
425,-10,92,213,4.619565217391305,-0.046948356807511735,-45,86,-41,18,1.0975609756097562,4.777777777777778
526,-15,105,271,5.0095238095238095,-0.055350553505535055,-56,113,-52,25,1.0769230769230769,4.52
522,-50,121,261,4.31404958677686,-0.19157088122605365,-57,102,-54,18,1.0555555555555556,5.666666666666667
1017,-162,277,577,3.6714801444043323,-0.2807625649913345,-96,291,-99,125,0.9696969696969697,2.328
1089,-167,263,559,4.140684410646388,-0.29874776386404295,-105,173,-105,22,1.0,7.863636363636363
852,-248,201,374,4.2388059701492535,-0.6631016042780749,-67,192,-72,64,0.9305555555555556,3.0
110,-21,19,40,5.7894736842105265,-0.525,-10,12,-10,2,1.0,6.0
71,2,14,32,5.071428571428571,0.0625,-7,7,-7,1,1.0,7.0
893,63,204,498,4.377450980392157,0.12650602409638553,-126,158,-115,25,1.0956521739130434,6.32
300,-68,83,138,3.6144578313253013,-0.4927536231884058,-24,43,-27,6,0.8888888888888888,7.166666666666667
289,-41,66,141,4.378787878787879,-0.2907801418439716,-34,58,-32,20,1.0625,2.9
339,-50,44,154,7.704545454545454,-0.3246753246753247,-35,63,-31,12,1.1290322580645162,5.25
754,-54,131,408,5.755725190839694,-0.1323529411764706,-77,158,-64,11,1.203125,14.363636363636363
753,-33,126,429,5.976190476190476,-0.07692307692307693,-81,166,-66,15,1.2272727272727273,11.066666666666666
767,-180,184,416,4.168478260869565,-0.4326923076923077,-75,83,-79,-11,0.9493670886075949,-7.545454545454546
713,-103,114,368,6.254385964912281,-0.2798913043478261,-81,103,-74,-8,1.0945945945945945,-12.875
838,-131,163,488,5.141104294478527,-0.26844262295081966,-109,198,-99,65,1.101010101010101,3.046153846153846
541,-176,182,265,2.9725274725274726,-0.6641509433962264,-45,106,-58,9,0.7758620689655172,11.777777777777779
1054,74,150,536,7.026666666666666,0.13805970149253732,-186,141,-146,21,1.273972602739726,6.714285714285714
601,-91,141,271,4.26241134751773,-0.33579335793357934,-80,76,-78,23,1.0256410256410255,3.3043478260869565
751,-80,186,352,4.037634408602151,-0.22727272727272727,-72,72,-73,0,0.9863013698630136,inf
772,-102,198,362,3.898989898989899,-0.281767955801105,-70,79,-73,3,0.958904109589041,26.333333333333332
751,-80,186,352,4.037634408602151,-0.22727272727272727,-72,72,-73,0,0.9863013698630136,inf
772,-102,198,362,3.898989898989899,-0.281767955801105,-70,79,-73,3,0.958904109589041,26.333333333333332
773,-163,255,394,3.0313725490196077,-0.4137055837563452,-63,128,-72,14,0.875,9.142857142857142
568,-44,115,275,4.939130434782609,-0.16,-68,64,-61,-3,1.1147540983606556,-21.333333333333332
564,-78,122,302,4.622950819672131,-0.2582781456953642,-68,72,-63,4,1.0793650793650793,18.0
76,-11,23,37,3.3043478260869565,-0.2972972972972973,-8,9,-8,1,1.0,9.0
523,-52,112,219,4.669642857142857,-0.2374429223744292,-41,71,-39,4,1.0512820512820513,17.75
533,-15,101,246,5.2772277227722775,-0.06097560975609756,-48,67,-42,-1,1.1428571428571428,-67.0
51,-3,8,27,6.375,-0.1111111111111111,-6,7,-5,1,1.2,7.0
196,1,37,102,5.297297297297297,0.00980392156862745,-28,21,-25,-2,1.12,-10.5
806,-131,224,479,3.5982142857142856,-0.27348643006263046,-101,174,-101,56,1.0,3.107142857142857
752,-189,221,348,3.4027149321266967,-0.5431034482758621,-73,107,-80,5,0.9125,21.4
746,-179,195,337,3.825641025641026,-0.5311572700296736,-95,141,-95,42,1.0,3.357142857142857
772,-109,184,422,4.195652173913044,-0.25829383886255924,-83,108,-79,-6,1.0506329113924051,-18.0
566,-82,130,305,4.3538461538461535,-0.26885245901639343,-66,83,-62,-3,1.064516129032258,-27.666666666666668
693,-80,127,412,5.456692913385827,-0.1941747572815534,-88,90,-76,-6,1.1578947368421053,-15.0
836,-131,212,421,3.943396226415094,-0.31116389548693585,-79,105,-77,7,1.025974025974026,15.0
586,-46,102,263,5.745098039215686,-0.17490494296577946,-68,64,-60,-4,1.1333333333333333,-16.0
605,-49,100,277,6.05,-0.17689530685920576,-74,67,-64,-7,1.15625,-9.571428571428571
281,-38,42,143,6.690476190476191,-0.26573426573426573,-41,41,-36,15,1.1388888888888888,2.7333333333333334
586,-46,102,263,5.745098039215686,-0.17490494296577946,-68,64,-60,-4,1.1333333333333333,-16.0
605,-49,100,277,6.05,-0.17689530685920576,-74,67,-64,-7,1.15625,-9.571428571428571
741,-212,258,392,2.872093023255814,-0.5408163265306123,-61,119,-75,3,0.8133333333333334,39.666666666666664
865,-318,344,508,2.51453488372093,-0.6259842519685039,-57,146,-82,6,0.6951219512195121,24.333333333333332
777,-169,229,423,3.393013100436681,-0.39952718676122934,-79,112,-83,-5,0.9518072289156626,-22.4
727,-226,269,351,2.7026022304832713,-0.6438746438746439,-63,120,-80,12,0.7875,10.0
318,-68,101,162,3.1485148514851486,-0.41975308641975306,-29,56,-32,4,0.90625,14.0
327,-68,115,168,2.8434782608695652,-0.40476190476190477,-29,57,-33,5,0.8787878787878788,11.4
638,-53,154,347,4.142857142857143,-0.15273775216138327,-88,113,-80,6,1.1,18.833333333333332
622,-78,148,350,4.202702702702703,-0.22285714285714286,-82,122,-76,38,1.0789473684210527,3.210526315789474
601,-74,147,332,4.08843537414966,-0.22289156626506024,-81,94,-76,-5,1.0657894736842106,-18.8
583,-58,137,325,4.255474452554744,-0.17846153846153845,-78,92,-71,-6,1.0985915492957747,-15.333333333333334
362,-63,84,212,4.309523809523809,-0.2971698113207547,-45,83,-41,12,1.0975609756097562,6.916666666666667
378,-69,86,219,4.395348837209302,-0.3150684931506849,-44,76,-40,8,1.1,9.5
800,-99,198,408,4.040404040404041,-0.2426470588235294,-90,121,-87,3,1.0344827586206897,40.333333333333336
831,-139,224,427,3.7098214285714284,-0.3255269320843091,-92,131,-94,10,0.9787234042553191,13.1
800,-99,198,408,4.040404040404041,-0.2426470588235294,-90,121,-87,3,1.0344827586206897,40.333333333333336
831,-139,224,427,3.7098214285714284,-0.3255269320843091,-92,131,-94,10,0.9787234042553191,13.1
693,-49,170,373,4.076470588235294,-0.13136729222520108,-77,102,-72,1,1.0694444444444444,102.0
831,-77,232,466,3.581896551724138,-0.16523605150214593,-85,130,-86,7,0.9883720930232558,18.571428571428573
579,-50,123,275,4.7073170731707314,-0.18181818181818182,-56,80,-52,5,1.0769230769230769,16.0
586,-56,123,291,4.764227642276423,-0.19243986254295534,-60,86,-56,5,1.0714285714285714,17.2
716,-82,190,398,3.768421052631579,-0.20603015075376885,-85,115,-82,7,1.0365853658536586,16.428571428571427
710,-95,192,399,3.6979166666666665,-0.23809523809523808,-85,114,-82,3,1.0365853658536586,38.0
619,-40,140,337,4.421428571428572,-0.11869436201780416,-75,91,-69,7,1.0869565217391304,13.0
611,-10,119,348,5.1344537815126055,-0.028735632183908046,-78,89,-67,1,1.164179104477612,89.0
718,-35,146,396,4.917808219178082,-0.08838383838383838,-92,105,-81,0,1.1358024691358024,inf
709,-51,153,392,4.633986928104576,-0.13010204081632654,-84,101,-76,-2,1.105263157894737,-50.5
501,-64,126,255,3.9761904761904763,-0.25098039215686274,-52,70,-51,9,1.0196078431372548,7.777777777777778
500,-66,125,260,4.0,-0.25384615384615383,-53,80,-52,15,1.0192307692307692,5.333333333333333
614,-104,169,332,3.633136094674556,-0.3132530120481928,-65,101,-65,1,1.0,101.0
625,-102,176,333,3.5511363636363638,-0.3063063063063063,-66,104,-67,3,0.9850746268656716,34.666666666666664
553,-87,150,275,3.6866666666666665,-0.31636363636363635,-62,76,-61,2,1.0163934426229508,38.0
558,-102,168,274,3.3214285714285716,-0.3722627737226277,-60,79,-62,6,0.967741935483871,13.166666666666666
524,-53,118,308,4.440677966101695,-0.17207792207792208,-60,81,-54,0,1.1111111111111112,inf
526,-64,132,298,3.984848484848485,-0.21476510067114093,-59,87,-55,2,1.0727272727272728,43.5
657,-51,177,347,3.711864406779661,-0.14697406340057637,-83,92,-81,3,1.0246913580246915,30.666666666666668
668,-51,179,345,3.7318435754189943,-0.14782608695652175,-84,87,-82,0,1.024390243902439,inf
708,-116,167,362,4.2395209580838324,-0.32044198895027626,-98,90,-96,-5,1.0208333333333333,-18.0
735,-114,198,412,3.712121212121212,-0.2766990291262136,-99,91,-97,-7,1.0206185567010309,-13.0
635,-62,207,346,3.0676328502415457,-0.1791907514450867,-90,91,-93,1,0.967741935483871,91.0
688,-70,222,374,3.099099099099099,-0.18716577540106952,-97,100,-98,2,0.9897959183673469,50.0
630,-97,174,362,3.6206896551724137,-0.26795580110497236,-74,102,-71,3,1.0422535211267605,34.0
631,-98,164,368,3.847560975609756,-0.266304347826087,-77,106,-73,0,1.0547945205479452,inf
710,-88,164,413,4.329268292682927,-0.21307506053268765,-96,123,-87,2,1.103448275862069,61.5
707,-73,152,418,4.651315789473684,-0.17464114832535885,-95,116,-84,-2,1.130952380952381,-58.0
656,-82,207,354,3.1690821256038646,-0.23163841807909605,-93,96,-95,1,0.9789473684210527,96.0
643,-85,200,351,3.215,-0.24216524216524216,-86,84,-87,-6,0.9885057471264368,-14.0
715,-96,147,409,4.863945578231292,-0.23471882640586797,-81,112,-73,-7,1.1095890410958904,-16.0
743,-99,151,428,4.920529801324503,-0.23130841121495327,-88,110,-79,-8,1.1139240506329113,-13.75
783,-193,235,444,3.331914893617021,-0.4346846846846847,-121,119,-120,-1,1.0083333333333333,-119.0
849,-201,272,483,3.1213235294117645,-0.4161490683229814,-133,130,-134,0,0.9925373134328358,inf
621,-117,177,347,3.5084745762711864,-0.3371757925072046,-68,102,-68,9,1.0,11.333333333333334
620,-123,182,342,3.4065934065934065,-0.35964912280701755,-64,104,-66,5,0.9696969696969697,20.8
216,-43,62,103,3.4838709677419355,-0.4174757281553398,-21,21,-24,4,0.875,5.25
479,-66,122,256,3.9262295081967213,-0.2578125,-46,38,-46,-1,1.0,-38.0
633,-85,163,337,3.8834355828220857,-0.2522255192878338,-69,49,-67,-1,1.0298507462686568,-49.0
744,-140,246,378,3.024390243902439,-0.37037037037037035,-99,51,-106,3,0.9339622641509434,17.0
758,-158,238,389,3.1848739495798317,-0.40616966580976865,-85,51,-93,3,0.9139784946236559,17.0
748,-143,224,389,3.3392857142857144,-0.3676092544987147,-92,55,-98,2,0.9387755102040817,27.5
151,-26,33,65,4.575757575757576,-0.4,-18,11,-17,-1,1.0588235294117647,-11.0
141,-30,31,51,4.548387096774194,-0.5882352941176471,-11,15,-12,-3,0.9166666666666666,-5.0
142,-19,31,56,4.580645161290323,-0.3392857142857143,-14,8,-14,-2,1.0,-4.0
142,-19,31,56,4.580645161290323,-0.3392857142857143,-14,8,-14,-2,1.0,-4.0
476,-120,108,183,4.407407407407407,-0.6557377049180327,-41,47,-43,4,0.9534883720930233,11.75
445,-107,105,236,4.238095238095238,-0.4533898305084746,-44,104,-47,53,0.9361702127659575,1.9622641509433962
525,-117,116,244,4.525862068965517,-0.47950819672131145,-52,80,-50,20,1.04,4.0
556,-136,150,304,3.7066666666666666,-0.4473684210526316,-56,93,-59,30,0.9491525423728814,3.1
62,-1,14,31,4.428571428571429,-0.03225806451612903,-7,9,-6,2,1.1666666666666667,4.5
844,-84,212,436,3.981132075471698,-0.1926605504587156,-130,134,-123,53,1.056910569105691,2.5283018867924527
216,-21,53,108,4.0754716981132075,-0.19444444444444445,-30,29,-29,8,1.0344827586206897,3.625
168,-19,43,87,3.9069767441860463,-0.21839080459770116,-25,26,-23,7,1.0869565217391304,3.7142857142857144
141,-17,38,72,3.710526315789474,-0.2361111111111111,-19,22,-19,8,1.0,2.75
159,-18,23,79,6.913043478260869,-0.22784810126582278,-18,34,-16,12,1.125,2.8333333333333335
158,-32,44,84,3.590909090909091,-0.38095238095238093,-14,34,-16,16,0.875,2.125
161,-36,48,69,3.3541666666666665,-0.5217391304347826,-11,33,-13,10,0.8461538461538461,3.3
98,7,2,57,49.0,0.12280701754385964,-14,23,-10,13,1.4,1.7692307692307692
453,-32,92,191,4.923913043478261,-0.16753926701570682,-43,62,-39,11,1.1025641025641026,5.636363636363637
1002,-106,330,674,3.036363636363636,-0.1572700296735905,-122,171,-126,60,0.9682539682539683,2.85
351,-107,96,188,3.65625,-0.5691489361702128,-33,61,-36,18,0.9166666666666666,3.388888888888889
338,-36,85,176,3.976470588235294,-0.20454545454545456,-41,62,-39,21,1.0512820512820513,2.9523809523809526
365,-42,75,198,4.866666666666666,-0.21212121212121213,-47,55,-42,7,1.119047619047619,7.857142857142857
355,-39,67,203,5.298507462686567,-0.1921182266009852,-50,62,-42,15,1.1904761904761905,4.133333333333334
349,-41,87,181,4.011494252873563,-0.2265193370165746,-24,66,-27,12,0.8888888888888888,5.5
381,-41,96,175,3.96875,-0.2342857142857143,-46,44,-45,5,1.0222222222222221,8.8
342,-98,103,187,3.320388349514563,-0.5240641711229946,-33,50,-38,13,0.868421052631579,3.8461538461538463
286,-27,75,142,3.8133333333333335,-0.19014084507042253,-25,39,-25,2,1.0,19.5
264,-28,72,134,3.6666666666666665,-0.208955223880597,-23,35,-23,2,1.0,17.5
319,-62,90,161,3.5444444444444443,-0.38509316770186336,-29,46,-31,4,0.9354838709677419,11.5
316,-49,83,159,3.8072289156626504,-0.3081761006289308,-31,41,-31,3,1.0,13.666666666666666
229,-46,71,109,3.2253521126760565,-0.42201834862385323,-15,49,-19,22,0.7894736842105263,2.227272727272727
634,-73,165,339,3.8424242424242423,-0.2153392330383481,-89,128,-87,49,1.0229885057471264,2.6122448979591835
227,-62,52,108,4.365384615384615,-0.5740740740740741,-17,25,-18,3,0.9444444444444444,8.333333333333334
104,-19,33,46,3.1515151515151514,-0.41304347826086957,-13,15,-13,4,1.0,3.75
112,-12,31,57,3.6129032258064515,-0.21052631578947367,-14,15,-14,1,1.0,15.0
856,-28,212,467,4.037735849056604,-0.059957173447537475,-108,171,-100,70,1.08,2.442857142857143
241,-28,59,112,4.084745762711864,-0.25,-24,30,-23,0,1.0434782608695652,inf
648,-70,126,377,5.142857142857143,-0.1856763925729443,-72,90,-64,-2,1.125,-45.0
449,8,101,290,4.445544554455446,0.027586206896551724,-56,101,-51,37,1.0980392156862746,2.72972972972973
454,-11,103,248,4.407766990291262,-0.04435483870967742,-53,62,-50,-1,1.06,-62.0
536,-110,148,321,3.6216216216216215,-0.3426791277258567,-64,82,-63,2,1.0158730158730158,41.0
79,-18,18,41,4.388888888888889,-0.43902439024390244,-9,16,-10,8,0.9,2.0
141,-44,55,74,2.5636363636363635,-0.5945945945945946,-15,34,-19,19,0.7894736842105263,1.7894736842105263
443,-45,119,223,3.722689075630252,-0.20179372197309417,-37,58,-40,5,0.925,11.6
528,-65,124,259,4.258064516129032,-0.25096525096525096,-69,66,-64,-3,1.078125,-22.0
514,-68,138,264,3.7246376811594204,-0.25757575757575757,-62,71,-61,1,1.0163934426229508,71.0
389,-59,100,201,3.89,-0.2935323383084577,-55,48,-52,0,1.0576923076923077,inf
633,-46,135,300,4.688888888888889,-0.15333333333333332,-65,86,-62,-1,1.0483870967741935,-86.0
778,-41,138,419,5.63768115942029,-0.09785202863961814,-104,138,-89,25,1.1685393258426966,5.52
662,-68,154,342,4.298701298701299,-0.19883040935672514,-73,111,-68,14,1.0735294117647058,7.928571428571429
465,-66,124,237,3.75,-0.27848101265822783,-55,60,-53,2,1.0377358490566038,30.0
649,-121,166,425,3.9096385542168677,-0.2847058823529412,-85,98,-81,11,1.0493827160493827,8.909090909090908
672,-92,168,306,4.0,-0.3006535947712418,-80,81,-79,4,1.0126582278481013,20.25
